<?xml version="1.0" encoding="UTF-8"?>
<QCARConfig xmlns:xsi="http://www.w3.org/2001/XMLSchema-instance" xsi:noNamespaceSchemaLocation="qcar_config.xsd">
  <Tracking>
    <ImageTarget name="soursop_right" size="1000.000000 1420.833374" />
    <ImageTarget name="soursop_left" size="1000.000000 1333.333374" />
    <ImageTarget name="soursop_front" size="1000.000000 1333.333374" />
    <ImageTarget name="soursop_back" size="1000.000000 1333.333374" />
    <ImageTarget name="soursop" size="1000.000000 748.502991" />
    <ImageTarget name="banana" size="1000.000000 749.034729" />
    <ImageTarget name="chico" size="1000.000000 1000.000000" />
    <ImageTarget name="santol" size="1000.000000 728.758179" />
    <ImageTarget name="starfruit" size="1000.000000 1000.000000" />
    <ImageTarget name="mango" size="1000.000000 1075.268799" />
    <ImageTarget name="guava" size="1000.000000 520.000000" />
    <ImageTarget name="sinturis" size="1000.000000 782.110107" />
    <ImageTarget name="rambutan" size="1000.000000 1200.000000" />
    <ImageTarget name="lanzones" size="1000.000000 1539.784912" />
  </Tracking>
</QCARConfig>
